group_id,group_name,description,group_name_2,group_name_3
0,Pythonパッケージング仕様,このグループの主な技術テーマは、Pythonのパッケージ配布・依存関係・ビルド設定・メタデータ管理を標準化することです。中心にはPEP 508、517、518、621があり、依存関係の書式、ビルドバックエンド、pyproject.toml、配布メタデータといった現在のパッケージング基盤を形作っているように見えます。機能領域としては、パッケージ管理、ビルドシステム、インストーラ連携、再現可能なインストール、PyPI周辺の配布実務に強く関係します。2015年以降のPEPが多く、FinalやAcceptedが中心で、distutilsからpyproject.toml中心の仕組みへ移る流れも読み取れます。\nこのグループのPEPを読むことで、現代のPythonパッケージングの全体像をつかめるはずです。,PyPA・配布メタデータ標準,依存関係とビルド設定の標準化
1,Pythonパッケージメタデータと配布仕様,"このグループの主な技術テーマは、Pythonパッケージのメタデータ定義、バージョン表記、依存関係の記述、そしてパッケージインデックスとのやり取りです。中心にはPEP 241、345、440、301があり、初期のメタデータ仕様から、現在のパッケージ公開・解決に必要な標準へ発展してきた流れが見えます。Pythonのパッケージ管理と配布基盤に関わる領域で、PyPI、Simple API、dist-info、依存解決の互換性に強く関係します。2001年の初期提案から2025年の新しい提案まで年代が広く、SupersededやWithdrawnも多い一方で、近年はFinalやAcceptedの仕様として整備が進んでいる点も特徴です。
このグループのPEPを読むと、Python packaging標準がどう積み上がってきたかをつかめそうです。",Pythonパッケージング標準,PyPI・メタデータ・依存仕様
2,型ヒントと注釈,"このグループの主な技術テーマは、Pythonにおける型ヒント、注釈の評価方法、そしてそれを支える周辺仕様です。中心にはPEP 484、526、3107があり、関数注釈から実用的な型システムへ発展していく流れが見えます。機能領域としては型チェック、ジェネリクス、プロトコル、dataclasses、型情報の配布などにまたがっており、2014年以降のPEPが特に多い一方で、起点として2006年の3107も重要です。FinalのPEPが多く、実際のPythonや型チェッカーの基盤を形作った提案群と見てよさそうですが、690、810、638のように周辺的または少し異なる話題も含まれます。
このグループのPEPを読むことで、Pythonの型システムがどう拡張されてきたかをつかめます。",Python型システム,注釈評価と静的型付け
3,Pythonコミュニティのガバナンス,"このグループの主な技術テーマは、Python本体と周辺組織における意思決定の仕組み、代表者の選出、運営体制の設計です。中心にあるのはPEP 13、8001、8016で、2018年の移行期に複数の統治案を比較し、現在の運営モデルへ収束していく流れが見えます。Pythonの機能追加そのものではなく、言語仕様を誰がどう決めるかというプロジェクト運営領域に関係する提案群で、FinalやRejectedが多く、制度設計の議論とその決着が強く反映されています。2018年の文書に集中しつつ、その後は8100〜8107の年次選挙が継続的な実務を示しており、609や772はパッケージ管理側の統治に広がる周辺要素と見られます。
このグループのPEPを読むことで、Pythonがどう統治されているかの全体像をつかめそうです。",Python運営体制と選挙制度,言語ガバナンスと意思決定プロセス
4,非同期処理と実行基盤,"このグループの主な技術テーマは、ジェネレータから発展したコルーチン、async/await、asyncio、非同期ジェネレータなどの非同期実行モデルと、その周辺の実行基盤です。中心にはPEP 380、492、3156、525があり、Pythonの非同期処理、反復処理、イベントループ設計に強く関係しています。2009年から2016年の提案が多く、Finalになった中核PEPがまとまっているため、Pythonの非同期機能が整備された時期の流れを表すグループと見られます。523、669、689、733はCPythonの実行やC APIの観点を補強し、506、504、522、524はセキュリティ寄りでやや異質ですが、ランタイムや標準ライブラリ設計の近接した文脈で結びついているようです。
このグループのPEPを読むことで、Pythonの非同期構文と実行時設計の発展がつかめるはずです。",Python非同期モデルの進化,コルーチン・asyncio・CPython実行系
5,Python 2.x時代の言語・標準ライブラリ基盤整備,"このグループは、Python 2.x前半に進んだ言語仕様、実行系の最適化、標準ライブラリの基盤機能をまとめたものです。中心にはPEP 266、218、267、280があり、グローバル参照の高速化や基本データ型の整備のような、処理系とコア言語に近い話題が目立ちます。あわせて 263、282、285、278、307、311 などが、文字コード、ロギング、真偽値、入出力、シリアライズ、拡張モジュール連携といった広い機能領域を支えています。2000年から2004年ごろに集中したFinalやDeferredのPEPが多く、当時のPython本体を実用言語として成熟させる流れを反映している一方で、802のようなかなり新しい提案も少し混ざっています。
このグループのPEPを読むと、Python本体がどう使いやすさと実装基盤を整えてきたかをつかめそうです。",コア言語と標準ライブラリの初期拡張,Python実行系・基本機能の基盤PEP
6,標準ライブラリとランタイム拡張,"このグループは、Python本体や標準ライブラリに新しい基盤機能を追加・整備する提案を中心にまとまっているようです。特に中心にあるのはPEP 435と354で、列挙型の導入とその設計見直しが、この集合の代表的な話題だと考えられます。あわせて、モジュール属性の拡張、メモリ管理、タイムゾーン、ファイル記述子、統計機能、pipの同梱など、Pythonの実行環境や標準機能全般に関わる提案が多く、機能領域としては言語コアと標準ライブラリ拡張にまたがります。2012〜2013年のPEPが比較的多く、Finalも目立ちますが、2020年代のDraft・Rejected・Deferredも含まれており、単一テーマというより周辺的な基盤機能群の集まりです。
このグループのPEPを読むと、Python本体が標準機能をどう増やしてきたかをつかめそうです。",Python基盤機能の追加提案,言語コア・標準ライブラリ周辺機能
7,文字列補間と書式指定,"このグループの主な技術テーマは、Pythonにおける文字列の組み立て、補間、書式指定の進化です。中心にはPEP 3101、498、215があり、古い補間案から f-string 系の実用化、さらに 701 や 750 のような新しい構文整理やテンプレート文字列まで流れが見えます。Pythonの文字列処理と言語構文の境界にまたがる領域で、Final や Accepted のPEPが多く、2000年代前半から2020年代半ばまで継続的に改善されてきた分野と言えます。一部には Unicode リテラル、型付けされた文字列、数値フォーマット細則、文法変更の手続きのように周辺的なPEPも含まれます。
このグループのPEPを読むと、Pythonの文字列表現がどう洗練されてきたかをつかめそうです。",Python文字列フォーマット系PEP,f-string・テンプレート文字列
8,パターンマッチングと言語構文拡張,"このグループの主な技術テーマは、Pythonの条件分岐や代入・アンパック表現を含む言語構文の拡張です。中心にはPEP 634、635、636と、先行案の622、さらに古い275、3103があり、switch/case系の試行錯誤が最終的に構造的パターンマッチングへ発展した流れが見えます。2018年以降、とくに2020年前後のFinalな提案が多く、Python本体の文法・パーサ・式構文に関わる機能領域としてまとまりがあります。584、617、572、448、798は周辺の構文改善や文法実装を支える提案で、613や626など一部はやや隣接的な話題に見えます。
このグループのPEPを読むことで、Pythonの新しい書き方がどう設計され採用されたかをつかめそうです。",Python文法進化とマッチ構文,制御構文・アンパック・パーサ拡張
9,後方互換性とCPython基盤整備,"このグループの主な技術テーマは、Python本体と標準ライブラリを安全に進化させるための後方互換性、廃止方針、そしてCPython実装基盤の整備です。中心にはPEP 387があり、702、594、291などの互換性や非推奨化に関する提案を束ねる軸になっていると見られます。あわせて 659、744、731、412、509、699、743、788、831 など、インタプリタ最適化、JIT、C API、辞書実装、観測性といった実装寄りの話題も含まれており、Pythonの言語仕様そのものよりランタイムと標準ライブラリ運用に近い機能領域の集まりです。2000年代初頭の古い提案から2026年の新しい草案まで年代は広く、FinalやActiveが軸にありつつ、Draft・Rejected・Supersededも混ざるため、継続的な保守と刷新の履歴を表すグループだと言えます。
このグループのPEPを読むと、Pythonが互換性を保ちながら内部実装をどう前進させるかが見えてきます。",Pythonコア保守と互換性ポリシー,標準ライブラリ整理とCPython進化
10,静的型ヒントの拡張,"このグループの主な技術テーマは、Pythonの静的型ヒントをより細かく表現できるようにする拡張です。中心にはPEP 591、586、646があり、final指定、リテラル型、可変長ジェネリクスのような型システムの表現力を広げる提案が集まっています。あわせて 589、655、692、705、728、764、821 などのTypedDict系の提案が多く、辞書・関数引数・属性に対する精密な型付けという流れもこのグループの重要な軸です。2019年以降のPEPが大半で、Finalな提案が多いため、近年の型ヒント実務を形作ったまとまりと見てよさそうです。
このグループのPEPを読むことで、Pythonの型注釈を実務でどこまで厳密に使えるかをつかめます。",型システムとTypedDictの進化,高度な型注釈・型表現
11,Python 3移行と互換性整理,"このグループの主な技術テーマは、Python 2系から3系への移行に伴う言語仕様・標準ライブラリ・例外設計の見直しです。中心にはPEP 4、290、348、3100があり、特に2004年から2008年ごろに集中したFinalやActiveの提案が、Python 3への移行方針と互換性整理を形作っています。内容としては、bytes系の導入、例外階層の再設計、入力やスコープの振る舞い、標準モジュールの整理などが含まれ、言語コアと標準ライブラリの両方にまたがるテーマです。一部にはmultiprocessingのような個別機能追加も含まれますが、全体としてはPython 3時代への刷新という文脈で読むのが自然です。
このグループのPEPを読むことで、Python 3への設計転換の考え方をつかめるはずです。",Python 3.0設計刷新,Py2からPy3への移行設計
12,PyPIとパッケージ配布基盤,"このグループの主な技術テーマは、PyPIを中心としたパッケージ公開・配布・取得の仕組みと、その安全性や運用ルールです。中心にはPEP 381、305、458、480があり、リポジトリのミラーリング、配布フォーマット、署名検証、侵害対策など、パッケージ管理の基盤に関わる提案が集まっています。Pythonの機能領域としては、パッケージ管理、配布インフラ、サプライチェーンセキュリティ、リポジトリAPIにまたがるテーマです。2003年の古い提案から2026年の新しい草案まで年代は幅広く、FinalやAcceptedが多い一方で、最近はDraftやWithdrawn、Rejectedも含まれており、PyPI運用が継続的に見直されていることがうかがえます。
このグループのPEPを読むことで、Pythonパッケージ配布の仕組みと安全対策の流れをつかめるはずです。",Pythonパッケージ配布とリポジトリ運用,PyPIインフラとサプライチェーン保護
13,Pythonのリリース方針とスケジュール,"このグループの主な技術テーマは、Python本体のリリース周期、機能投入のタイミング、後方互換性の扱いです。中心にはPEP 602があり、596、719、693、745、790、826などの各バージョンの公開計画や、598、605、607、608のような配布モデルの検討がまとまっています。Pythonの機能領域でいうと、言語機能そのものよりも、CPythonの開発プロセスとリリース管理に関係する提案群です。2019年以降の提案が特に多く、ActiveとFinalが中心ですが、周辺にはRejectedやWithdrawnもあり、実際の運用案と代替案の比較がしやすい構成です。
このグループのPEPを読むことで、Pythonがどのような cadence で進化し機能を届けているかをつかめるでしょう。",CPythonリリース管理,Pythonの公開サイクル設計
14,CPython拡張モジュールとマルチインタプリタ基盤,"このグループの主な技術テーマは、CPythonのC拡張モジュールの初期化・状態管理・ABI互換性と、複数インタプリタやfree-threaded化に向けた実行基盤の整備です。中心にはPEP 3121、489、684があり、573、630、652、697も含めて、拡張モジュールをインタプリタごとに安全に分離しやすくする流れが見えます。機能領域としては、CPython実装、C API、Stable ABI、拡張モジュール開発、並行実行の基盤に関係します。2007年の古い提案から2025年の新しい提案まで続いており、FinalやAcceptedのPEPが多いことから、近年のfree-threaded Pythonや複数インタプリタ対応を支える実装方針の集積と考えられます。
このグループのPEPを読むと、C拡張を将来のPython実行モデルに適応させる方向性がつかめます。",C API・Stable ABI・拡張モジュール分離,free-threaded Python対応と拡張モジュール設計
15,Pythonのコーディング規約と周辺ガイドライン,"このグループの主な技術テーマは、Python本体や周辺エコシステムでの書き方・命名・安全性・移行方針といった実務的なガイドラインです。中心にはPEP 8、7、3131があり、コードスタイル、C拡張の作法、識別子におけるUnicode利用など、Pythonの読みやすさと一貫性に強く関係しています。機能領域としては言語仕様そのものより、開発規約、標準ライブラリ運用、パッケージング、例外処理の作法、REPLやロギング設定などの周辺設計にまたがっています。2001年の初期PEPから2024年の新しい提案まで年代はかなり幅広く、ActiveやFinalの重要文書が多い一方で、Deferred・Withdrawn・Rejectedの設計案も混ざるため、やや雑多な実務指向の集まりでもあります。
このグループのPEPを読むことで、Pythonらしい作法と運用上の判断軸をつかめそうです。",Python実務ガイドと設計規約,Python開発ルールと周辺仕様
16,PEP運営とドキュメント基盤,"このグループの主な技術テーマは、PEPの運営ルール、文書テンプレート、docstringやDocutilsまわりの文書化基盤です。中心にはPEP 1、12、287があり、Pythonの仕様提案プロセスと開発者向けドキュメント整備に強く関係しています。2000年代初頭の文書整備に関する提案が多く、ActiveやRejectedが混在している一方で、2020年代には729、676のような運営プロセスの更新も含まれており、年代はやや幅広いです。647、724、742、718のような型関連PEPはやや異質ですが、運営や注釈・メタデータ周辺の参照関係で同じ群に入った可能性があります。
このグループのPEPを読むと、Pythonコミュニティで仕様提案と文書化がどう整えられてきたかをつかめます。",PEPプロセスと文書化規約,仕様提案の運営・Docstring設計
17,コンテキスト管理とジェネレータ制御,"このグループの主題は、リソースの安全な獲得・解放、ブロック構文、そしてジェネレータから発展したコルーチンの制御モデルです。中心にはPEP 343、342、255があり、Pythonの文法設計と実行フロー制御に強く関わる提案が集まっています。作成時期は2000年代前半から半ばに集中しており、FinalだけでなくRejectedやWithdrawnも多く、現在の仕組みに至る検討過程が見えやすいグループです。主に言語機能、イテレーション、例外処理、コンテキストマネージャの領域に関係しますが、333と3333のようなWebインターフェース系はやや周辺的な混在要素です。
このグループのPEPを読むことで、Pythonが安全なリソース管理と中断・再開可能な実行モデルをどう形にしたかをつかめるでしょう。",ジェネレータ・コルーチンと言語構文,with文と実行フロー設計
18,CPython開発基盤とリリース運用,"このグループの主な技術テーマは、CPython本体の開発体制、ソースコード管理、バグ報告フロー、そしてリリース運用です。中心にはPEP 462、507、101、474があり、開発ワークフロー自動化やリポジトリ移行、配布物の扱いなど、Pythonそのものを支える開発者向け基盤が集まっています。Pythonの機能追加そのものよりも、プロジェクト運営やメンテナンスの実務に関わる機能領域の提案群と見るのが自然です。2000年代前半のリリース手順と課題管理から、2008年以降のVCS移行、さらに2024年の配布物署名見直しまで年代はかなり広く、Final・Active・Withdrawn・Rejectedが混在している点もこの分野らしさがあります。なお495、500、235のように日時やimport挙動に関するやや異質なPEPも含まれます。
このグループのPEPを読むと、CPythonプロジェクトの運営と進化の実務像がつかめそうです。",Pythonプロジェクト運営・開発ワークフロー,CPythonインフラと保守プロセス
19,インポートシステムとモジュール実行,"このグループの主な技術テーマは、Pythonのインポート機構、パッケージ構成、そしてモジュールをスクリプトとして実行する際の振る舞いです。中心にはPEP 302があり、338、366、328がそれを補う形で、読み込み拡張、絶対・相対インポート、__main__まわりの設計を扱っています。Pythonの機能領域でいうと、実行環境、モジュール管理、パッケージング基盤にまたがるテーマで、2000年代前半から2010年代前半にかけての提案が多く、FinalのPEPが中核を占めます。あわせて、名前空間パッケージやバイトコード配置、import状態の整理など周辺設計も含まれます。
このグループのPEPを読むことで、Pythonのモジュール探索と実行の仕組みを体系的に理解できそうです。",モジュール読み込みとパッケージ構造,Pythonのimport基盤
20,Python実装・ランタイム基盤,"このグループは、Python本体の実装情報、標準ライブラリの運用、リリース方針、そしてランタイム周辺APIを扱う提案群です。中心にはPEP 399、3003、3155、421があり、Python 3.2〜3.3前後の時期に、実装差異の整理や言語・標準ライブラリの進め方を見直す流れがあったと読めます。機能領域としては、インタプリタ内部、sysまわり、時間API、シリアライズ、標準ライブラリ管理など、アプリ開発よりも処理系寄りの基盤部分に関係します。Finalが多く、実際に現在のPythonの土台に影響した提案が多い一方で、長期サポートや標準ライブラリ更新方針のように見直し段階で止まったものも含まれます。
このグループのPEPを読むと、Python本体がどのように整備・運営されてきたかをつかめそうです。",CPythonコアと標準ライブラリ運営,Python本体の実装方針と周辺API
21,Python実行環境と配布基盤,"このグループの主な技術テーマは、Pythonのインストール方法、実行コマンド、仮想環境、OSごとの起動方法、そして標準配布に近いセキュリティ設定です。中心にはPEP 394、466、397があり、Unix系とWindows系での実行方法の整理、Python 2.7系のTLS強化、配布時の安全性向上がまとまって見られます。機能領域としては、実行環境管理、パッケージ導入まわり、仮想環境、OS統合、ネットワークセキュリティにまたがっています。2008年から2025年まで年代はかなり幅広く、FinalやActiveが多い一方で、Withdrawn・Rejected・Draftも含まれており、長期的に運用実務と移行課題が議論されてきたまとまりだと考えられます。
このグループのPEPを読むことで、Pythonを安全かつ現実的に配布・起動・運用する考え方をつかめそうです。",Pythonインストール・起動・仮想環境,実行環境管理とTLS運用
22,数値演算子とバイナリ表現,"このグループの主な技術テーマは、演算子の設計、数値計算向けの文法拡張、そして bytes などのバイナリ型まわりの表現改善です。中心には PEP 211、465、461 があり、特に 465 は行列計算向けの専用演算子として、Pythonの数値計算・科学技術計算の機能領域を強く示しています。2000年前後の演算モデル見直し案と、2013〜2015年のバイナリ型や数値ユースケースの改善提案が混在しており、Final・Rejected・Withdrawn が入り交じるため、言語設計の試行錯誤が見えます。488、441、471、820 などは主題から少し外れ、周辺的または雑多な実装・ランタイム寄りの提案が含まれているグループとも言えます。
このグループのPEPを読むと、Pythonが数値演算と低レベル表現をどう言語機能に取り込んできたかをつかめそうです。",数値計算向け演算子設計,演算モデルと bytes 拡張
23,UTF-8移行と実行環境設定,"このグループの主な技術テーマは、Python実行時の文字エンコーディング既定値と、起動・初期化まわりの設定整備です。中心にはPEP 540、528、529、538があり、特にUTF-8を標準的に扱う方向への移行が、Windows対応やロケール処理と結びついて進められています。あわせて 587、741、432 はCPythonの初期化や設定APIに関係しており、処理系の起動構成という機能領域を補強しています。2016〜2019年のFinalが多く、3.x系の実運用を安定させる時期の提案群と見られます。
このグループのPEPを読むと、PythonがUTF-8中心の実行環境へどう整理されたかをつかめそうです。",Python起動設定とエンコーディング,CPython初期化・UTF-8既定化
24,言語仕様の移行と互換性,このグループの主な技術テーマは、Python言語仕様の変更を安全に導入する仕組みと、その変更に伴うスコープ・名前空間・評価規則の整理です。中心にはPEP 236、227、5があり、2000〜2001年ごろのFinalな提案が多く、言語進化の方針と移行手段を形作った初期の議論が核になっていると見られます。__future__ 文、警告、後方互換性、locals() や名前空間の一貫した意味づけなどが含まれ、Pythonのコア言語仕様と実行時の振る舞いに関係する領域です。2010年代以降の 558、667、709 などは、初期の移行設計を踏まえて、名前解決や実装上の振る舞いを後年に再整理した流れとして読めます。読むことで、Pythonが破壊的変更をどう段階導入してきたかをつかめそうです。,Pythonコア言語の進化戦略,仕様変更と名前空間セマンティクス
25,関数呼び出しとクラス生成の言語設計,"このグループの主な技術テーマは、関数シグネチャの表現、引数の受け渡し、そしてクラス作成まわりのPython言語仕様です。中心にはPEP 3102、3115、3135があり、いずれもPython 3移行期のFinal提案として、呼び出し規約やメタクラス、継承の書き方を整理した流れが見えます。570、457、487、520はその流れを後年に拡張し、位置専用引数やクラス定義時のカスタマイズ、属性順序の扱いを通じて、関数定義とオブジェクトモデルの使い勝手を整えています。年代は2006〜2008年の提案が核ですが、2010年代後半から2020年代の周辺提案も含まれており、一部には372のようなやや周辺的なデータモデル寄りの内容や、736のような不採用案も見られます。
このグループのPEPを読むと、Python 3時代の関数定義とクラス機構の設計意図をつかめそうです。",Python 3の呼び出し規約とオブジェクトモデル,関数シグネチャとクラスカスタマイズ
26,コンテキスト管理と安全なクリーンアップ,"このグループの主な技術テーマは、実行時コンテキストの受け渡し、ジェネレータ・コルーチン・async処理での状態管理、そして終了時の安全な後始末です。中心にあるのはPEP 567、550、568で、2017〜2018年の提案が特に強く、Pythonの非同期処理・コンテキストマネージャ・ランタイム挙動に関わる設計議論が集まっています。Finalになっている提案は実用的な実装基盤を与え、WithdrawnやDeferredの提案はその周辺で未解決だった伝播規則や生成器との整合性を示しているようです。442や533、789、806はリソース解放や反復・非同期境界での安全性を補強し、416、603、814の不変マッピングや620、670のC API関連はやや周辺的ですが、状態の隠蔽や不変性という観点で接続していると考えられます。
このグループのPEPを読むことで、Pythonで安全に状態を持ち回る設計感覚が得られるでしょう。",実行コンテキストと非同期セマンティクス,ランタイム状態管理と不変化
27,バイナリ配布とPyPAパッケージ標準,"このグループの主な技術テーマは、Pythonパッケージのバイナリ配布形式、互換性タグ、インストール環境の扱いです。中心にはPEP 427と425があり、wheel形式と配布物の互換性判定という、Pythonのパッケージ管理基盤を形作る要素が集まっています。周辺には manylinux や musl 向けのプラットフォームタグ、インストール済み情報の記録、PyPIで扱う配布物の整理などが含まれ、Packaging / PyPA 領域に強く関係します。2012年の基礎仕様から2020年代の運用改善まで年代は広く、FinalやAcceptedのPEPが多い一方で、見直し案や撤回案も一部含まれます。
このグループのPEPを読むことで、Pythonパッケージがどのように配布・識別・導入されるかの全体像をつかめるはずです。",Pythonパッケージ配布フォーマット,Wheel・互換タグ・配布環境
28,例外処理とトレースバック,"このグループの主な技術テーマは、Pythonにおける例外の連鎖、文脈制御、複数例外の扱い、そしてトレースバックの改善です。中心にはPEP 3134、344があり、409、415、654、678、657が周辺で例外情報の表現力やデバッグ性を広げています。Pythonの機能領域としては、言語ランタイムのエラー処理と開発者向けデバッグ支援に強く関係し、2005年の基礎提案から2021年以降の拡張まで続く流れが見えます。FinalのPEPが多く、実際に言語仕様や実装に取り込まれた考え方が中心ですが、515、641、664、2026のように主題からやや外れるものも少し混ざっています。
このグループのPEPを読むことで、Pythonの例外情報がどう進化してきたかをつかめそうです。",Python例外機構の進化,エラー報告と例外コンテキスト
29,標準ライブラリ拡張とファイルシステムAPI,"このグループの主な技術テーマは、標準ライブラリに新しい機能を取り込む方針と、その中でもファイルパス・文字エンコーディング・OS境界の扱いを整備する提案群です。中心にはPEP 411、277、293、428、383、519があり、標準ライブラリへの追加手順や試験導入の考え方と、実際のシステムインターフェース改善が結び付いています。Pythonの機能領域としては、標準ライブラリ設計、ファイルシステム操作、文字列/Unicode処理、OS連携に関係します。2000年代前半から2010年代半ばまで年代はやや広く、FinalとSupersededやRejectedが混在しているため、採用済み機能だけでなく試行錯誤の流れも見えるグループです。
このグループのPEPを読むことで、標準ライブラリに機能が入るまでの判断軸とファイル周りの設計変遷をつかめそうです。",標準ライブラリ設計とシステムインターフェース,パス・文字コード・標準ライブラリ方針
30,抽象インターフェースと数値モデル,"このグループの主な技術テーマは、Pythonのオブジェクトに共通の振る舞いを与える抽象化と、数値型の設計・拡張です。中心にはPEP 3119、3141、245、239があり、抽象基底クラス、数値の型階層、インターフェース表現の議論が強く結び付いています。Pythonの機能領域としては、オブジェクトモデル、型システム、数値処理ライブラリの基盤設計に関係します。2000年代前半から2007年前後に提案が集中しており、FinalだけでなくRejectedやDeferredも多いため、採用案と未採用案が混ざった設計検討の流れを示すグループと言えます。
このグループのPEPを読むことで、Pythonが抽象化と数値型の整合性をどう模索してきたかをつかめそうです。",型階層・インターフェース設計,数値抽象化と適応プロトコル
31,イテレーション構文と内包表記,"このグループの主な技術テーマは、forループまわりの反復処理をより簡潔に書くための構文と、イテレータを活用したデータ生成です。中心にはPEP 202、212、279があり、内包表記、ループ中の添字取得、反復処理の書きやすさに関する提案が集まっています。Pythonの機能領域としては、基本構文、イテレータ、組み込み関数にまたがる話題で、2000〜2003年ごろの初期Pythonで活発に検討された提案が多く、FinalとRejectedが混在しています。201、289、274は現在のPythonらしい反復スタイルの基盤に近く、一方で整数専用ループや追加構文のように採用されなかった案も含まれます。
このグループのPEPを読むことで、Pythonの反復処理がどう簡潔で読みやすい形に整理されてきたかをつかめそうです。",Pythonの反復処理設計,for文・イテレータ周辺機能
32,CPython C API・ABI設計,"このグループの主な技術テーマは、CPythonのC APIとABIの安定化、高速な呼び出し規約、そして内部表現の整理です。中心にはPEP 384と3149があり、拡張モジュールの互換性やバイナリ配布に関わる基盤を形作っています。2018年以降には580、579、590、575、576のように関数呼び出しや組み込み関数の実装モデルを見直す提案が集まり、処理系実装と拡張開発の接点が強い領域だと分かります。あわせて393、623、624、756はUnicodeまわりのCレベルAPI整理を扱っており、年代は2009年から2024年まで広いものの、FinalのPEPが比較的多い点も特徴です。
このグループのPEPを読むことで、Python拡張の互換性設計とCPython内部APIの進化像をつかめそうです。",拡張モジュール互換性とC拡張基盤,CPython内部APIとバイナリ互換性
33,Python構文拡張と関数メタプログラミング,"このグループの主な技術テーマは、Pythonの文法拡張と、関数・クラスの振る舞いを宣言的に変える仕組みです。中心にはPEP 308、318、3129があり、条件式の簡潔化やデコレータ構文の導入など、2003年から2007年ごろの言語設計に強く関わる提案がまとまっています。機能領域としては、コア言語の構文、関数型スタイルの記述、例外処理まわりの表現力向上が中心で、FinalのPEPが多い点からも実際のPython文法に定着した変更が多いグループだと言えます。一方で、353や356のように周辺的な実装・リリース管理の話題も少し含まれます。
このグループのPEPを読むと、Pythonの書きやすさがどう形作られてきたかをつかめます。",コア言語構文の進化,デコレータと式レベル機能拡張
34,CPythonの対応プラットフォーム拡張,"このグループの主な技術テーマは、CPythonをどのOS・実行環境で公式に動かし、どう配布・構築できるようにするかというプラットフォーム対応です。中心にはPEP 11があり、730、738、776、816などがモバイルやWebAssembly系環境への対応を具体化しているように見えます。Pythonの機能領域でいうと、処理系実装、移植性、ビルド構成、配布基盤に関わる提案群です。2023年以降の比較的新しいPEPが多く、Final・Active・Acceptedが混在しているため、近年の対応拡大が継続中の領域だと考えられます。
このグループのPEPを読むと、Pythonが新しい実行環境へ広がる流れをつかめそうです。",Python実装の移植性と実行環境対応,モバイル・Web向けCPython基盤
35,演算子構文拡張,"このグループの主な技術テーマは、Pythonの式評価や演算子の書き方を拡張し、条件分岐・存在確認・比較・安全なアクセスをより簡潔に表す提案です。中心にはPEP 505、531、532があり、いずれも値の有無や短絡評価に関わる新しい演算子を扱っていて、言語構文と演算子設計の領域に強く関係します。2004年の335から2015〜2020年の提案まで年代はややばらつきますが、特に2015年以降に集中しており、Deferred・Withdrawn・Rejectedが多いことから、需要はあっても言語仕様への取り込みは慎重に議論されてきたテーマだと考えられます。510、511、645はやや周辺的で、構文糖衣やコード変換、型表記の簡略化を通じて言語表現を広げようとする点で接続しているようです。
このグループのPEPを読むことで、Pythonが新しい演算子にどこまで慎重かをつかめそうです。",Python式と演算子の設計,null安全・短絡評価の構文提案
36,型オブジェクトモデルの統合,"このグループの主な技術テーマは、Python 2.2前後で進んだ型とクラスの関係整理、および組み込み型の拡張性の強化です。中心的なのはPEP 253、252、254で、組み込み型を継承可能にする方向や、型とクラスをより一貫したオブジェクトモデルで扱う設計が核になっていると読めます。周辺には 213、231 のような属性アクセスの仕組みや、237 の数値型の整理も含まれており、Pythonのデータモデル、型システム、オブジェクト指向機能に関係する領域です。2000〜2001年に集中した比較的古いPEP群で、Finalが多く、当時の言語基盤の再設計を反映している一方で、一部にRejectedやDeferredも見られます。
このグループのPEPを読むことで、Python初期の型システム進化の流れをつかめそうです。",Python初期の型システム再設計,データモデルと組み込み型拡張
37,バッファプロトコルとC API境界,"このグループの主な技術テーマは、Pythonオブジェクトと低レベルなバイナリデータの受け渡し、およびその周辺にあるC API向けの記述支援です。中心にはPEP 3118があり、688や574がそれをPythonレベルでの利用やシリアライズ効率の方向へ広げているように見えます。機能領域としては、バイナリデータ処理、拡張モジュール実装、シリアライズ、CPythonの内部API設計に関係します。年代は2006年から2022年まで広がっており、初期の基盤設計を後年の実用的な拡張が補強している構図です。436と437は引数処理用DSLという少し周辺的な話題ですが、C拡張や組み込み関数のインターフェース記述という接点があります。
このグループのPEPを読むことで、Pythonと低レベルメモリ表現のつながりをつかめるでしょう。",バイナリデータ受け渡し基盤,バッファプロトコル周辺技術
38,Python 2.0周辺の小規模言語変更,"このグループは、2000年前後のPython 2.0期に提案された、比較的小さな言語仕様の調整やリリース運営に関するPEPでまとまっているようです。中心にはPEP 214、223があり、出力構文や文字列エスケープといった基本的な言語機能に関わる変更が見られます。一方で200は機能提案というよりリリース計画の文書で、言語仕様そのものとは少し性格が異なります。採択済みのFinalが並んでおり、年代も2000年に集中しているため、初期Pythonの安定化と整理の一端を示すグループと考えられます。
このグループのPEPを読むことで、Python 2.0時代の仕様調整の雰囲気をつかめそうです。",Python 2.0初期の仕様調整,初期Pythonの言語変更とリリース運営
39,文字エンコーディングとI/O基盤,"このグループの主な技術テーマは、Unicode対応とテキスト入出力の基盤整備です。中心にあるのはPEP 100、3116で、どちらもFinalであり、Pythonにおける文字列・エンコーディング処理とI/O APIの土台に関わる提案と考えられます。機能領域としては、文字列処理、ファイルI/O、テキストとバイト列の扱いにまたがる基盤部分です。作成時期は2000年から2011年にまたがっており、初期のUnicode統合から新しいI/O設計、さらに旧来APIの整理へと流れが見えます。
このグループのPEPを読むことで、Pythonのテキスト処理基盤の変遷をつかめそうです。",UnicodeとテキストI/O,文字列処理と入出力の進化
40,ランタイム監査とセキュリティ可観測性,"このグループの主な技術テーマは、Python実行環境での監査、セキュリティ監視、起動時設定の制御です。中心にあるのはPEP 578と551で、特に 578 は採択済みで、ランタイムのイベントを追跡する仕組みを扱う中核的な提案と見られます。Python本体のセキュリティ機能領域に関係し、アプリケーション実行時の挙動をどこまで観測・制御できるかという観点が共通しています。作成時期は2017〜2018年の提案が中心ですが、2026年の 829 が加わることで、近年の起動設定や配布時の安全な初期化にも話題が広がっているようです。
このグループのPEPを読むことで、Pythonランタイムを安全に観測し運用する視点が得られるでしょう。",Python実行時セキュリティ,監査フックと起動時保護
41,CPython課題管理基盤,"このグループの主な技術テーマは、CPython開発における課題管理やバグ追跡の運用基盤です。中心的なのはPEP 581、588で、どちらもFinalであり、2018〜2019年にGitHub Issuesへの移行を軸にコミュニティ運営の実務を固めた提案と考えられます。Python本体の文法や標準ライブラリではなく、開発プロセス、コラボレーション、プロジェクト管理の機能領域に関係するグループです。595は同時期の改善案ですがWithdrawnであり、移行そのものより既存の課題管理改善に寄った周辺的な提案と見られます。
このグループのPEPを読むと、CPythonの課題管理がどのように整備されたかをつかめます。",GitHub Issues移行と開発運用,Pythonコア開発の課題追跡プロセス
42,データベースAPI標準,"このグループの主な技術テーマは、Pythonからデータベースへ接続し操作するための共通インターフェースです。中心にはPEP 248と249があり、特に249は現在でも広く参照される実装上の基盤として知られています。Pythonの機能領域としては、外部システム連携、データアクセス、ライブラリ間の互換性に関係します。1996年から1999年にかけての初期のPEPで構成されており、Finalが並ぶことから、Pythonの周辺エコシステムを早い時期に標準化しようとした流れが見えます。
このグループのPEPを読むことで、PythonのDB接続ライブラリが共有する基本設計をつかめるはずです。",Python DB-API,データアクセス互換仕様
43,ハッシュ関数API,"このグループの主な技術テーマは、Pythonにおける暗号学的ハッシュ関数の標準API設計です。中心にはPEP 247があり、後続の452はその見直しや拡張を担う提案として位置づけられるように見えます。Pythonの標準ライブラリ設計、とくにセキュリティ関連のデータ処理インターフェースに関係する小規模で明確なグループです。時期は2001年と2013年でやや離れており、基本設計から改訂版への流れが読み取れます。
このグループのPEPを読むことで、PythonでハッシュAPIがどう標準化されたかをつかめそうです。",暗号ハッシュ標準化,セキュリティAPI設計
44,辞書イテレーションAPI,"このグループの主な技術テーマは、dict のキー・値・要素の取り扱いと、その反復処理の設計です。中心にあるのは PEP 3106 で、Python 3 における辞書ビューと反復のふるまいを整える提案として、この小さなグループの核になっていると見られます。機能領域としては、組み込みデータ型とイテレータ仕様に関係しており、2006年の提案を中心に、その後の 469 は Python 3 移行時の互換性整理という位置づけです。採択済みの仕様と撤回済みの移行案が混在していますが、全体としては辞書APIの近代化と移行支援に焦点があるグループです。
このグループのPEPを読むことで、Python 3 の辞書反復モデルの意図をつかめそうです。",Python 3辞書ビュー移行,組み込み辞書の反復仕様
45,文字列表現と表示規則,"このグループの主な技術テーマは、Python 3系における文字列化とオブジェクト表示の規則です。中心にあるのはPEP 3138で、3138と3140はいずれもオブジェクトを人に見せるときの文字列表現や、str と repr の役割分担に関わっています。作成時期は2008年に集中しており、Python 3000への移行期に表示まわりの設計を整理しようとした流れがうかがえます。機能領域としては文字列処理とデータモデルの境界にあり、採用済みの提案と却下された提案が混在している点も特徴です。
このグループのPEPを読むことで、Python 3での str と repr の考え方をつかめるでしょう。",str/repr設計,Python 3のオブジェクト文字列表現
46,雑多な言語・実装周辺提案,"このグループは、言語構文、標準ライブラリ、実装内部、配布・文書運営、ガバナンスまでをまたぐ小規模で孤立したPEPが集まっており、明確な単一テーマは弱めです。引用関係やPageRankが実質的に使えず、中心PEPを特定しにくいため、Python本体の周辺領域にある個別提案の寄せ集めとして読むのが自然だと思われます。年代は2000年前後の初期提案から2026年のDraftまで非常に幅広く、FinalだけでなくRejected、Withdrawn、Deferred、Active、Acceptedが混在しているのも特徴です。内容としては文法変更、Unicodeや数値、C API、importやパッケージ、デバッガやセキュリティ、ドキュメント運営などにまたがり、主要テーマから外れるPEPも少なくありません。
このグループのPEPを読むと、Pythonで周辺的・実験的な論点がどのように提案されてきたかを俯瞰できそうです。",Python周辺機能と未整理提案群,言語仕様・実装・運営の混成PEP群
